Record_ID,Date,Factory_Line,Operation_Type,Total_Energy_kWh,Production_Units,Machine_Availability_Pct,Defects_Count,Defect_Type,Failure_Type,Maintenance_Events,Repair_Cost_USD
AG-MFG-1000,2026-01-01,Line Gamma,Drilling,1057.74,861,99.24,3,Structural,Hydraulic,3,232.62
AG-MFG-1001,2026-01-02,Line Delta,Drilling,1900.72,621,94.25,7,Structural,Mechanical,1,184.65
AG-MFG-1002,2026-01-03,Line Alpha,Lathe,2193.32,857,96.9,4,Surface Scratch,None,2,865.92
AG-MFG-1003,2026-01-04,Line Gamma,Drilling,2212.65,936,97.43,1,None,None,0,0.0
AG-MFG-1004,2026-01-05,Line Gamma,Additive,1309.02,199,96.92,5,Structural,Mechanical,2,897.24
AG-MFG-1005,2026-01-06,Line Delta,Grinding,2275.54,901,89.58,4,Surface Scratch,None,0,0.0
AG-MFG-1006,2026-01-07,Line Alpha,Grinding,2201.86,279,85.96,1,Dimensional,None,3,446.82
AG-MFG-1007,2026-01-08,Line Alpha,Lathe,2371.27,322,89.06,12,Dimensional,Hydraulic,2,693.44
AG-MFG-1008,2026-01-09,Line Gamma,Milling,2070.68,861,97.88,13,Surface Scratch,Overheating,1,969.8
AG-MFG-1009,2026-01-10,Line Beta,Lathe,1837.98,758,84.61,10,Dimensional,None,0,0.0
AG-MFG-1010,2026-01-11,Line Gamma,Milling,1661.37,541,91.14,10,Dimensional,None,0,0.0
AG-MFG-1011,2026-01-12,Line Gamma,Grinding,1244.57,707,86.15,10,Surface Scratch,Electrical,2,1074.58
AG-MFG-1012,2026-01-13,Line Gamma,Lathe,2380.27,868,92.35,2,Dimensional,None,3,777.45
AG-MFG-1013,2026-01-14,Line Gamma,Additive,2447.33,424,97.36,14,None,Mechanical,2,356.26
AG-MFG-1014,2026-01-15,Line Delta,Drilling,1067.84,615,97.67,8,Dimensional,Electrical,3,126.84
AG-MFG-1015,2026-01-16,Line Alpha,Milling,1110.73,115,86.21,6,Material Void,Electrical,3,1057.11
AG-MFG-1016,2026-01-17,Line Delta,Drilling,1471.23,891,98.16,6,Material Void,None,0,0.0
AG-MFG-1017,2026-01-18,Line Delta,Drilling,1396.85,435,92.54,14,None,None,2,1062.17
AG-MFG-1018,2026-01-19,Line Delta,Lathe,2488.91,858,88.23,10,Dimensional,Electrical,2,681.83
AG-MFG-1019,2026-01-20,Line Gamma,Drilling,851.85,357,94.61,5,Surface Scratch,Electrical,3,1132.97
AG-MFG-1020,2026-01-21,Line Beta,Additive,536.15,596,90.57,7,None,None,2,978.66
AG-MFG-1021,2026-01-22,Line Alpha,Drilling,1487.79,995,88.73,3,None,Hydraulic,1,1197.73
AG-MFG-1022,2026-01-23,Line Beta,Lathe,857.65,259,94.55,7,None,Electrical,1,485.78
AG-MFG-1023,2026-01-24,Line Delta,Additive,1232.94,574,86.43,3,Surface Scratch,Hydraulic,2,943.91
AG-MFG-1024,2026-01-25,Line Delta,Grinding,1988.34,951,87.88,7,Dimensional,Mechanical,2,542.12
AG-MFG-1025,2026-01-26,Line Beta,Drilling,1941.88,763,89.73,8,Structural,Mechanical,3,627.86
AG-MFG-1026,2026-01-27,Line Beta,Lathe,1116.12,789,86.52,2,None,Hydraulic,1,790.26
AG-MFG-1027,2026-01-28,Line Beta,Grinding,1585.08,774,89.21,2,Structural,Hydraulic,1,1061.04
AG-MFG-1028,2026-01-29,Line Delta,Grinding,1517.63,479,92.17,10,Structural,None,0,0.0
AG-MFG-1029,2026-01-30,Line Delta,Milling,1772.67,644,95.19,12,Surface Scratch,Electrical,3,945.1
AG-MFG-1030,2026-01-31,Line Alpha,Additive,1000.92,790,95.66,1,None,None,0,0.0
AG-MFG-1031,2026-02-01,Line Alpha,Drilling,1679.74,526,96.65,12,Dimensional,Overheating,1,563.49
AG-MFG-1032,2026-02-02,Line Delta,Lathe,2457.79,712,95.25,9,Surface Scratch,Mechanical,3,911.34
AG-MFG-1033,2026-02-03,Line Beta,Milling,1473.48,367,94.12,2,Material Void,Overheating,2,362.65
AG-MFG-1034,2026-02-04,Line Beta,Additive,2312.2,934,86.23,2,Material Void,Mechanical,3,221.52
AG-MFG-1035,2026-02-05,Line Alpha,Milling,1368.79,676,89.12,4,Surface Scratch,None,2,490.08
AG-MFG-1036,2026-02-06,Line Delta,Additive,1200.16,516,90.5,4,Dimensional,Mechanical,2,415.96
AG-MFG-1037,2026-02-07,Line Alpha,Additive,1790.21,267,83.48,1,Structural,Hydraulic,3,425.94
AG-MFG-1038,2026-02-08,Line Alpha,Drilling,1837.85,941,91.4,11,Surface Scratch,Mechanical,2,356.97
AG-MFG-1039,2026-02-09,Line Gamma,Additive,2228.34,142,89.77,9,Structural,None,0,0.0
AG-MFG-1040,2026-02-10,Line Gamma,Milling,960.37,655,96.28,12,Dimensional,Hydraulic,1,119.66
AG-MFG-1041,2026-02-11,Line Gamma,Additive,1498.39,384,99.41,5,Material Void,Overheating,2,1186.49
AG-MFG-1042,2026-02-12,Line Beta,Drilling,1644.01,496,91.9,4,Material Void,None,0,0.0
AG-MFG-1043,2026-02-13,Line Delta,Drilling,2037.11,111,87.74,5,Dimensional,None,2,522.76
AG-MFG-1044,2026-02-14,Line Delta,Milling,587.21,706,82.77,0,None,Electrical,1,847.61
AG-MFG-1045,2026-02-15,Line Delta,Grinding,2489.1,401,98.46,4,Dimensional,None,0,0.0
AG-MFG-1046,2026-02-16,Line Delta,Grinding,1439.89,997,98.36,8,Dimensional,Electrical,1,1144.96
AG-MFG-1047,2026-02-17,Line Gamma,Additive,1059.12,352,86.5,11,None,Mechanical,1,964.98
AG-MFG-1048,2026-02-18,Line Beta,Lathe,2266.99,598,94.38,9,Surface Scratch,None,0,0.0
AG-MFG-1049,2026-02-19,Line Beta,Additive,1995.44,853,83.34,13,None,None,0,0.0
AG-MFG-1050,2026-02-20,Line Gamma,Milling,2406.14,134,84.96,1,Surface Scratch,None,0,0.0
AG-MFG-1051,2026-02-21,Line Beta,Milling,1161.5,826,85.86,0,None,Mechanical,3,1139.21
AG-MFG-1052,2026-02-22,Line Gamma,Milling,1605.53,948,87.24,13,None,None,0,0.0
AG-MFG-1053,2026-02-23,Line Delta,Milling,1644.58,189,99.73,9,Structural,None,0,0.0
AG-MFG-1054,2026-02-24,Line Gamma,Milling,2460.66,875,94.41,12,Material Void,None,0,0.0
AG-MFG-1055,2026-02-25,Line Delta,Drilling,650.69,704,88.84,10,Material Void,None,0,0.0
AG-MFG-1056,2026-02-26,Line Delta,Grinding,1111.39,701,95.12,8,Surface Scratch,Hydraulic,2,354.84
AG-MFG-1057,2026-02-27,Line Alpha,Milling,881.82,517,98.29,9,None,Overheating,3,1137.0
AG-MFG-1058,2026-02-28,Line Gamma,Lathe,1036.95,214,99.06,8,None,Mechanical,1,814.61
AG-MFG-1059,2026-03-01,Line Alpha,Lathe,1470.56,716,83.03,14,None,None,0,0.0
AG-MFG-1060,2026-03-02,Line Gamma,Lathe,1245.37,295,89.02,8,Dimensional,None,2,663.96
AG-MFG-1061,2026-03-03,Line Gamma,Lathe,1289.38,925,83.9,5,None,None,2,353.74
AG-MFG-1062,2026-03-04,Line Alpha,Drilling,2188.43,600,87.97,14,None,Electrical,2,294.18
AG-MFG-1063,2026-03-05,Line Alpha,Lathe,2360.03,725,85.02,7,Dimensional,Electrical,1,342.53
AG-MFG-1064,2026-03-06,Line Gamma,Milling,640.83,592,93.51,13,Dimensional,None,0,0.0
AG-MFG-1065,2026-03-07,Line Beta,Additive,917.84,174,88.91,10,None,Hydraulic,3,957.54
AG-MFG-1066,2026-03-08,Line Delta,Lathe,1842.29,512,86.08,14,Structural,Mechanical,3,485.14
AG-MFG-1067,2026-03-09,Line Alpha,Drilling,1217.29,475,86.73,12,None,Mechanical,2,163.63
AG-MFG-1068,2026-03-10,Line Delta,Drilling,1008.33,519,88.41,0,None,None,1,1166.01
AG-MFG-1069,2026-03-11,Line Beta,Lathe,1090.58,828,86.63,9,None,Overheating,1,1072.16
AG-MFG-1070,2026-03-12,Line Beta,Additive,1145.1,376,90.07,3,Surface Scratch,Mechanical,1,1120.53
AG-MFG-1071,2026-03-13,Line Beta,Lathe,2197.34,860,82.58,0,None,Electrical,3,1194.4
AG-MFG-1072,2026-03-14,Line Alpha,Drilling,773.24,775,86.98,7,Dimensional,Electrical,2,291.28
AG-MFG-1073,2026-03-15,Line Beta,Grinding,1917.82,493,89.32,0,None,None,0,0.0
AG-MFG-1074,2026-03-16,Line Alpha,Milling,1605.64,968,92.73,2,Structural,Mechanical,3,934.06
AG-MFG-1075,2026-03-17,Line Beta,Drilling,1093.02,556,86.82,12,Material Void,Mechanical,2,865.62
AG-MFG-1076,2026-03-18,Line Delta,Lathe,1339.56,291,84.37,3,Surface Scratch,None,2,269.29
AG-MFG-1077,2026-03-19,Line Delta,Milling,1012.41,838,83.36,14,None,None,0,0.0
AG-MFG-1078,2026-03-20,Line Gamma,Lathe,1723.03,788,98.74,14,Surface Scratch,None,0,0.0
AG-MFG-1079,2026-03-21,Line Delta,Lathe,663.19,198,89.42,14,None,None,0,0.0
AG-MFG-1080,2026-03-22,Line Gamma,Grinding,510.37,647,92.34,7,Material Void,Mechanical,1,690.67
AG-MFG-1081,2026-03-23,Line Delta,Milling,1755.79,195,98.36,5,Surface Scratch,None,0,0.0
AG-MFG-1082,2026-03-24,Line Alpha,Milling,888.55,763,83.47,13,Material Void,None,2,738.09
AG-MFG-1083,2026-03-25,Line Delta,Grinding,641.88,762,97.6,9,Surface Scratch,None,0,0.0
AG-MFG-1084,2026-03-26,Line Gamma,Drilling,1293.57,289,91.82,11,None,None,2,1065.21
AG-MFG-1085,2026-03-27,Line Gamma,Lathe,601.54,835,84.93,6,Material Void,Electrical,3,392.16
AG-MFG-1086,2026-03-28,Line Beta,Additive,2273.23,136,89.32,13,Surface Scratch,Overheating,1,242.47
AG-MFG-1087,2026-03-29,Line Alpha,Lathe,555.23,879,95.84,7,None,Electrical,3,1077.62
AG-MFG-1088,2026-03-30,Line Delta,Lathe,1657.73,468,90.55,1,Surface Scratch,Electrical,3,1151.22
AG-MFG-1089,2026-03-31,Line Beta,Drilling,1376.95,794,99.54,12,Material Void,None,2,1048.34
AG-MFG-1090,2026-04-01,Line Delta,Lathe,1844.05,624,88.71,9,None,Mechanical,3,990.47
AG-MFG-1091,2026-04-02,Line Delta,Grinding,1156.31,378,95.34,13,Structural,Mechanical,2,820.77
AG-MFG-1092,2026-04-03,Line Beta,Grinding,810.08,316,89.0,10,Dimensional,None,0,0.0
AG-MFG-1093,2026-04-04,Line Beta,Milling,2463.68,966,96.76,7,None,None,0,0.0
AG-MFG-1094,2026-04-05,Line Beta,Additive,2177.87,972,92.13,2,Structural,Mechanical,2,549.3
AG-MFG-1095,2026-04-06,Line Beta,Lathe,2220.81,897,83.13,6,Surface Scratch,None,0,0.0
AG-MFG-1096,2026-04-07,Line Beta,Lathe,1000.5,372,82.66,2,Dimensional,Hydraulic,1,385.73
AG-MFG-1097,2026-04-08,Line Delta,Drilling,577.67,980,84.38,14,None,None,3,895.76
AG-MFG-1098,2026-04-09,Line Beta,Grinding,1106.53,161,82.24,6,Structural,None,1,645.46
AG-MFG-1099,2026-04-10,Line Alpha,Additive,1574.16,695,83.34,13,Material Void,Electrical,3,189.15
AG-MFG-1100,2026-04-11,Line Gamma,Milling,1153.3,979,94.31,10,None,None,0,0.0
AG-MFG-1101,2026-04-12,Line Beta,Grinding,2155.74,828,91.51,14,None,Electrical,1,851.58
AG-MFG-1102,2026-04-13,Line Beta,Milling,1043.09,441,95.35,11,Dimensional,None,0,0.0
AG-MFG-1103,2026-04-14,Line Delta,Drilling,2430.5,496,98.25,12,Surface Scratch,Electrical,3,1036.33
AG-MFG-1104,2026-04-15,Line Beta,Drilling,1414.53,798,92.42,1,Surface Scratch,Overheating,2,644.66
AG-MFG-1105,2026-04-16,Line Beta,Lathe,2184.05,118,94.92,9,None,Hydraulic,2,628.65
AG-MFG-1106,2026-04-17,Line Beta,Additive,888.76,276,95.48,5,Dimensional,Overheating,1,751.65
AG-MFG-1107,2026-04-18,Line Delta,Milling,1322.71,711,88.73,2,Structural,None,0,0.0
AG-MFG-1108,2026-04-19,Line Beta,Grinding,1899.02,495,86.29,2,None,None,0,0.0
AG-MFG-1109,2026-04-20,Line Gamma,Drilling,776.71,544,85.65,14,None,None,1,845.82
AG-MFG-1110,2026-04-21,Line Delta,Lathe,765.49,332,86.48,8,Surface Scratch,None,2,722.31
AG-MFG-1111,2026-04-22,Line Gamma,Lathe,2439.07,175,86.89,6,None,Mechanical,3,393.73
AG-MFG-1112,2026-04-23,Line Delta,Milling,1929.19,364,85.69,4,Dimensional,None,1,1066.49
AG-MFG-1113,2026-04-24,Line Beta,Drilling,582.14,554,97.63,11,None,Hydraulic,3,977.17
AG-MFG-1114,2026-04-25,Line Gamma,Additive,1297.64,895,95.47,9,Dimensional,None,2,824.3
AG-MFG-1115,2026-04-26,Line Delta,Drilling,1367.04,817,82.83,6,Surface Scratch,None,0,0.0
AG-MFG-1116,2026-04-27,Line Alpha,Milling,1988.09,834,86.78,8,None,Hydraulic,2,1054.02
AG-MFG-1117,2026-04-28,Line Beta,Milling,1001.72,483,82.39,0,None,Mechanical,1,879.2
AG-MFG-1118,2026-04-29,Line Delta,Drilling,868.67,663,90.87,6,Surface Scratch,None,0,0.0
AG-MFG-1119,2026-04-30,Line Alpha,Milling,661.75,950,90.48,5,None,Hydraulic,1,867.22
AG-MFG-1120,2026-05-01,Line Delta,Drilling,1356.63,605,96.8,9,None,Overheating,1,848.15
AG-MFG-1121,2026-05-02,Line Alpha,Grinding,1877.0,466,87.48,13,Structural,Electrical,2,780.47
AG-MFG-1122,2026-05-03,Line Beta,Drilling,616.39,243,96.53,11,Structural,Mechanical,1,927.99
AG-MFG-1123,2026-05-04,Line Gamma,Drilling,2330.43,984,99.23,8,Material Void,None,2,274.47
AG-MFG-1124,2026-05-05,Line Alpha,Milling,1384.7,168,83.57,0,None,None,0,0.0
AG-MFG-1125,2026-05-06,Line Delta,Milling,979.57,198,96.09,12,Surface Scratch,Hydraulic,2,1059.03
AG-MFG-1126,2026-05-07,Line Beta,Lathe,687.75,495,92.5,3,Dimensional,None,0,0.0
AG-MFG-1127,2026-05-08,Line Alpha,Lathe,865.73,124,90.54,8,None,Electrical,2,1008.4
AG-MFG-1128,2026-05-09,Line Delta,Grinding,2369.23,990,89.49,3,Structural,Mechanical,3,241.76
AG-MFG-1129,2026-05-10,Line Delta,Lathe,1776.54,568,95.97,9,Material Void,None,3,468.63
AG-MFG-1130,2026-05-11,Line Delta,Drilling,1533.39,583,93.38,2,Material Void,Mechanical,1,917.86
AG-MFG-1131,2026-05-12,Line Alpha,Milling,1814.22,664,96.33,8,None,Overheating,2,276.84
AG-MFG-1132,2026-05-13,Line Alpha,Lathe,1371.35,250,98.08,12,Dimensional,Electrical,2,999.76
AG-MFG-1133,2026-05-14,Line Alpha,Lathe,1960.08,243,92.99,1,Structural,None,0,0.0
AG-MFG-1134,2026-05-15,Line Gamma,Grinding,595.43,668,99.45,14,Material Void,Overheating,1,658.21
AG-MFG-1135,2026-05-16,Line Alpha,Grinding,1632.07,138,92.82,3,Structural,None,2,107.02
AG-MFG-1136,2026-05-17,Line Alpha,Drilling,817.29,208,93.33,14,Dimensional,Electrical,1,415.74
AG-MFG-1137,2026-05-18,Line Alpha,Milling,740.33,792,91.88,5,None,Mechanical,3,778.62
AG-MFG-1138,2026-05-19,Line Gamma,Grinding,1183.76,141,83.62,1,None,Mechanical,2,1179.3
AG-MFG-1139,2026-05-20,Line Alpha,Lathe,683.6,285,94.93,14,Structural,None,2,794.99
AG-MFG-1140,2026-05-21,Line Delta,Milling,688.31,497,91.74,7,Structural,None,1,385.78
AG-MFG-1141,2026-05-22,Line Alpha,Milling,1122.83,322,90.03,7,None,Overheating,2,797.41
AG-MFG-1142,2026-05-23,Line Delta,Lathe,2459.02,733,98.21,0,None,Overheating,1,693.98
AG-MFG-1143,2026-05-24,Line Delta,Grinding,850.66,232,87.3,11,Dimensional,Overheating,2,957.83
AG-MFG-1144,2026-05-25,Line Delta,Lathe,534.32,262,91.32,2,Structural,None,0,0.0
AG-MFG-1145,2026-05-26,Line Gamma,Milling,2026.73,314,94.42,9,Structural,None,1,937.13
AG-MFG-1146,2026-05-27,Line Gamma,Additive,2113.83,832,96.18,8,Material Void,Hydraulic,2,695.39
AG-MFG-1147,2026-05-28,Line Gamma,Additive,1192.61,334,90.18,4,None,Electrical,3,1159.29
AG-MFG-1148,2026-05-29,Line Alpha,Drilling,1429.35,942,96.99,5,None,Hydraulic,2,476.06
AG-MFG-1149,2026-05-30,Line Delta,Lathe,1799.55,757,95.69,3,None,Mechanical,3,795.88
